{
  "experiment_name": "yolo_restaurant_detection_1750757663",
  "total_training_time_seconds": 1688.3919010162354,
  "total_training_time_minutes": 28.139865016937257,
  "epochs_completed": 100,
  "device_used": "0",
  "training_interrupted": false,
  "best_model_path": "outputs\\experiments\\yolo_restaurant_detection_1750757663\\weights\\best.pt",
  "last_model_path": "outputs\\experiments\\yolo_restaurant_detection_1750757663\\weights\\last.pt",
  "final_metrics": {
    "metrics/precision(B)": 0.6855260906115651,
    "metrics/recall(B)": 0.7966041106404285,
    "metrics/mAP50(B)": 0.7693200991857007,
    "metrics/mAP50-95(B)": 0.7117797316865205,
    "fitness": 0.7175337684364386
  },
  "final_map50": 0.7693200991857007,
  "final_map50_95": 0.7117797316865205
}